baseMean,log2FoldChange,lfcSE,stat,pvalue,padj,gene,cell_state,tissue,contrast,contrast_label,dataset,is_sig
33.89965915753466,5.847972488335773,1.4746193401354748,3.9657505697697646,7.31653443937145e-05,0.028850344458858104,LPPR4,Mal,tumor,treatment.naive_vs_post.treatment,responder_vs_nonresponder,jerby_melanoma,True
30.97649145316439,5.538904805279468,1.4706053223558875,3.7664115048939344,0.0001656107474134602,0.04966143796164511,EGFR,Mal,tumor,treatment.naive_vs_post.treatment,responder_vs_nonresponder,jerby_melanoma,True
93.35053625214934,2.8492058325148446,0.6544261075128698,4.353747198966711,1.3383002844937316e-05,0.011387526683900084,IL1R1,Mal,tumor,treatment.naive_vs_post.treatment,responder_vs_nonresponder,jerby_melanoma,True
29.366126427853892,5.217712139427368,1.0310150317801958,5.060752732594245,4.17604505472761e-07,0.0011252353399963545,EMBP1,Mal,tumor,treatment.naive_vs_post.treatment,responder_vs_nonresponder,jerby_melanoma,True
3196.4155077851906,4.146108474472716,1.018806179480112,4.069575310770532,4.709891345352292e-05,0.02115133705008625,CAPG,Mal,tumor,treatment.naive_vs_post.treatment,responder_vs_nonresponder,jerby_melanoma,True
41.45431985388238,-7.605450480651494,1.905641257285689,-3.991019008207432,6.579000653346052e-05,0.027272488092986057,PLD5,Mal,tumor,treatment.naive_vs_post.treatment,responder_vs_nonresponder,jerby_melanoma,True
736.1655169221464,4.958408070185237,1.1668217436547084,4.249499203412646,2.1424897107369555e-05,0.014432346313951816,FCGR2C,Mal,tumor,treatment.naive_vs_post.treatment,responder_vs_nonresponder,jerby_melanoma,True
16.760157535752022,-5.472756548944116,1.3905836173255164,-3.93558249986417,8.299514674876741e-05,0.0301719321188189,SLC16A14,Mal,tumor,treatment.naive_vs_post.treatment,responder_vs_nonresponder,jerby_melanoma,True
2013.3811240344583,4.632805970566668,0.8227830521581816,5.630653133185834,1.7952846157174652e-08,0.00020315117837267342,ITGB8,Mal,tumor,treatment.naive_vs_post.treatment,responder_vs_nonresponder,jerby_melanoma,True
19.909619667596385,-8.865052262170336,2.0762709056417874,-4.269699217997806,1.9573675051223183e-05,0.013954345020143475,POU6F2,Mal,tumor,treatment.naive_vs_post.treatment,responder_vs_nonresponder,jerby_melanoma,True
172.22764637456845,8.389986270825476,2.151990197380777,3.8987102641253046,9.670640497655037e-05,0.031907192841956936,WISP3,Mal,tumor,treatment.naive_vs_post.treatment,responder_vs_nonresponder,jerby_melanoma,True
37.22485937647214,-6.858673255258224,1.5841673662325084,-4.329513030917704,1.4943942811149034e-05,0.012079936171392322,ISL1,Mal,tumor,treatment.naive_vs_post.treatment,responder_vs_nonresponder,jerby_melanoma,True
208.97125722809048,6.7861919050866595,1.4855089470809664,4.568260540215234,4.917884902713306e-06,0.004969215326385376,TNFAIP6,Mal,tumor,treatment.naive_vs_post.treatment,responder_vs_nonresponder,jerby_melanoma,True
814.9411555200091,2.109308172744989,0.51461513356048,4.098807118537825,4.152849254360273e-05,0.020980973092263294,CD151,Mal,tumor,treatment.naive_vs_post.treatment,responder_vs_nonresponder,jerby_melanoma,True
182.77023328128112,8.545109742813029,1.8691736594372987,4.571597561130555,4.8401984308666175e-06,0.004969215326385376,NT5E,Mal,tumor,treatment.naive_vs_post.treatment,responder_vs_nonresponder,jerby_melanoma,True
124.75676404040001,5.686045024345353,1.3791828806617348,4.122763633505353,3.7435378022781755e-05,0.019523153435300408,IL15RA,Mal,tumor,treatment.naive_vs_post.treatment,responder_vs_nonresponder,jerby_melanoma,True
27.59422647374492,5.355601788930797,1.2942466880255763,4.138006949124186,3.50335763165305e-05,0.019523153435300408,KIAA0125,Mal,tumor,treatment.naive_vs_post.treatment,responder_vs_nonresponder,jerby_melanoma,True
32.72875793805867,-6.639790108000894,1.7497223583727095,-3.7947678248657026,0.00014778168138322137,0.04684679299848118,PGM5,Mal,tumor,treatment.naive_vs_post.treatment,responder_vs_nonresponder,jerby_melanoma,True
28.499687920520586,-7.10557683306378,1.7435606944373112,-4.075325198447949,4.595008788332105e-05,0.02115133705008625,CXCL14,Mal,tumor,treatment.naive_vs_post.treatment,responder_vs_nonresponder,jerby_melanoma,True
89.4591462226479,4.01517440033027,0.9664243196423041,4.154670281700256,3.2575694460297176e-05,0.01880897329784373,IL34,Mal,tumor,treatment.naive_vs_post.treatment,responder_vs_nonresponder,jerby_melanoma,True
43.85276837404556,3.808919342736983,0.9500786384600679,4.009056922814998,6.096172159365533e-05,0.026091820334120674,PIK3CG,Mal,tumor,treatment.naive_vs_post.treatment,responder_vs_nonresponder,jerby_melanoma,True
203.97224036921935,5.290159430885255,1.400346441317759,3.7777504728809035,0.0001582513166552811,0.049200943007037104,DNAH9,Mal,tumor,treatment.naive_vs_post.treatment,responder_vs_nonresponder,jerby_melanoma,True
19.681932498989035,8.322277032350407,2.016548008037332,4.126991769687805,3.675395425539548e-05,0.019523153435300408,LCN2,Mal,tumor,treatment.naive_vs_post.treatment,responder_vs_nonresponder,jerby_melanoma,True
101.2548865524457,-5.211485430747552,1.114788978967604,-4.67486271309738,2.9415032655566218e-06,0.003658098714942608,TENM3,Mal,tumor,treatment.naive_vs_post.treatment,responder_vs_nonresponder,jerby_melanoma,True
1361.8643916881144,1.360714976932288,0.36204416510109766,3.758422612755878,0.00017098790520230222,0.04966143796164511,GOLGA2,Mal,tumor,treatment.naive_vs_post.treatment,responder_vs_nonresponder,jerby_melanoma,True
261.69637286001984,12.595088277108756,2.260280244436299,5.572356927027825,2.5131586363910858e-08,0.00020315117837267342,SAA1,Mal,tumor,treatment.naive_vs_post.treatment,responder_vs_nonresponder,jerby_melanoma,True
74.71993130722076,-4.3378548126723855,1.0823957589981699,-4.007642100046071,6.132796268303244e-05,0.026091820334120674,ZBED3-AS1,Mal,tumor,treatment.naive_vs_post.treatment,responder_vs_nonresponder,jerby_melanoma,True
78.58045077681095,-2.667390544472391,0.6251871856842914,-4.266547052708429,1.9852164004657632e-05,0.013954345020143475,DCDC2,Mal,tumor,treatment.naive_vs_post.treatment,responder_vs_nonresponder,jerby_melanoma,True
611.2111423712706,-13.937901242486598,3.3092056302021593,-4.2118571040975565,2.5327975580099605e-05,0.015749130046287318,MFAP4,Mal,tumor,treatment.naive_vs_post.treatment,responder_vs_nonresponder,jerby_melanoma,True
21.028078872969584,-3.4404399552320775,0.8740811851366537,-3.936064536950535,8.282870727267828e-05,0.0301719321188189,SH2D3A,Mal,tumor,treatment.naive_vs_post.treatment,responder_vs_nonresponder,jerby_melanoma,True
1782.4773715827534,-1.2836803439766844,0.2942809486318813,-4.362091225900089,1.288251294859587e-05,0.011387526683900084,NCBP1,Mal,tumor,treatment.naive_vs_post.treatment,responder_vs_nonresponder,jerby_melanoma,True
57.797785546074266,-2.1753887271393286,0.5790356235354205,-3.756916912740269,0.0001720195785150075,0.04966143796164511,ST6GAL2,Mal,tumor,treatment.naive_vs_post.treatment,responder_vs_nonresponder,jerby_melanoma,True
31.166969185716,-5.0750523942376695,1.2136724474209686,-4.181566785191557,2.8950718589041897e-05,0.017335046941816312,TMC4,Mal,tumor,treatment.naive_vs_post.treatment,responder_vs_nonresponder,jerby_melanoma,True
84.3863240101973,-4.869670916597964,1.2489975486670535,-3.8988634699843407,9.6645245983068e-05,0.031907192841956936,NOSTRIN,Mal,tumor,treatment.naive_vs_post.treatment,responder_vs_nonresponder,jerby_melanoma,True
119.13673316697026,-9.859728532820585,1.9601841919440377,-5.030001044464129,4.904771642822887e-07,0.0011327920449931087,CGA,Mal,tumor,treatment.naive_vs_post.treatment,responder_vs_nonresponder,jerby_melanoma,True
33.58693930222884,8.466150978327654,1.657486109918219,5.107826199970615,3.2588618793386367e-07,0.0010537204000653547,AKAP3,Mal,tumor,treatment.naive_vs_post.treatment,responder_vs_nonresponder,jerby_melanoma,True
231.8990988107092,-3.671850574982204,0.9294160254062653,-3.9507071909774405,7.792060850431161e-05,0.02999386851640966,ENO3,Mal,tumor,treatment.naive_vs_post.treatment,responder_vs_nonresponder,jerby_melanoma,True
884.6724960022603,-1.7751149987349542,0.44571298486512834,-3.982641428479136,6.815354287124665e-05,0.027545958189986116,KIRREL,Mal,tumor,treatment.naive_vs_post.treatment,responder_vs_nonresponder,jerby_melanoma,True
1186.6810577704268,4.97909032987598,1.2220002866325212,4.074541049083475,4.610518071670295e-05,0.02115133705008625,IGFBP3,Mal,tumor,treatment.naive_vs_post.treatment,responder_vs_nonresponder,jerby_melanoma,True
128.73136682727684,-3.2988640859794707,0.6439431284474737,-5.122912164515097,3.0085251790820574e-07,0.0010537204000653547,CNTN4,Mal,tumor,treatment.naive_vs_post.treatment,responder_vs_nonresponder,jerby_melanoma,True
63.60367018882451,3.346099834195574,0.8626507381555426,3.8788581359704892,0.00010494793291759605,0.033933864629575504,FGF2,Mal,tumor,treatment.naive_vs_post.treatment,responder_vs_nonresponder,jerby_melanoma,True
270.71824253570185,7.545912359388984,1.5877118583602623,4.752696353343459,2.0072168100888824e-06,0.0027083228411555324,CHRNA6,Mal,tumor,treatment.naive_vs_post.treatment,responder_vs_nonresponder,jerby_melanoma,True
69.60626355960119,-5.517007892670051,1.4045138731260431,-3.928055107345278,8.5635591088162e-05,0.0301719321188189,TAF7L,Mal,tumor,treatment.naive_vs_post.treatment,responder_vs_nonresponder,jerby_melanoma,True
258.2605991303178,7.128034147905513,1.4998840460045137,4.752390137686724,2.0102600416815975e-06,0.0027083228411555324,ANO1,Mal,tumor,treatment.naive_vs_post.treatment,responder_vs_nonresponder,jerby_melanoma,True
264.9012624013132,6.992448073902068,1.5124329634915545,4.623311077377952,3.776627041065831e-06,0.004361194955207949,MCHR1,Mal,tumor,treatment.naive_vs_post.treatment,responder_vs_nonresponder,jerby_melanoma,True
48.23852121106608,-5.048711227013541,1.1784426930702923,-4.2842229466922355,1.8337895942424635e-05,0.013954345020143475,JPH4,Mal,tumor,treatment.naive_vs_post.treatment,responder_vs_nonresponder,jerby_melanoma,True
96.30684897084707,6.763700301047585,1.4111401922007722,4.793074662907248,1.64244463488597e-06,0.002655340241220148,MUC15,Mal,tumor,treatment.naive_vs_post.treatment,responder_vs_nonresponder,jerby_melanoma,True
53.99740309448568,7.686375817680037,1.402548718405593,5.480291498478465,4.246256538404993e-08,0.00022883076485464508,PCDHGB4,Mal,tumor,treatment.naive_vs_post.treatment,responder_vs_nonresponder,jerby_melanoma,True
250.69434554462998,-2.8771613618918046,0.679854316351873,-4.232026321949053,2.3159529667260138e-05,0.014976804645223786,CTCFL,Mal,tumor,treatment.naive_vs_post.treatment,responder_vs_nonresponder,jerby_melanoma,True
53.33854367006306,-6.562908570864941,1.7458231038705208,-3.7592059334733605,0.0001704534947905496,0.04966143796164511,TNFSF8,Mal,tumor,treatment.naive_vs_post.treatment,responder_vs_nonresponder,jerby_melanoma,True
11214.17427363221,2.671921394639711,0.5453625459386992,4.89934890934011,9.615475936880357e-07,0.0017272599941282748,MT2A,Mal,tumor,treatment.naive_vs_post.treatment,responder_vs_nonresponder,jerby_melanoma,True
28.365302900452345,-6.657845852581324,1.3370305175386492,-4.979576580523987,6.372353452513405e-07,0.0012877729783348027,FAM163A,Mal,tumor,treatment.naive_vs_post.treatment,responder_vs_nonresponder,jerby_melanoma,True
270.5803461907011,2.7673388205709735,0.7055431950004036,3.922281215637535,8.771453019017061e-05,0.0301719321188189,NRXN3,Mal,tumor,treatment.naive_vs_post.treatment,responder_vs_nonresponder,jerby_melanoma,True
2343.7456724280837,2.6823927317387595,0.5896551147667113,4.549087533650938,5.387902937418699e-06,0.005123895693485183,PRKCDBP,Mal,tumor,treatment.naive_vs_post.treatment,responder_vs_nonresponder,jerby_melanoma,True
148.6471890594125,4.842595812343126,1.18589405389583,4.083497844039703,4.4362841070733594e-05,0.02115133705008625,MT1M,Mal,tumor,treatment.naive_vs_post.treatment,responder_vs_nonresponder,jerby_melanoma,True
2595.186201359517,3.924299988825316,0.9993984234782138,3.926662176599744,8.613282342608533e-05,0.0301719321188189,TNC,Mal,tumor,treatment.naive_vs_post.treatment,responder_vs_nonresponder,jerby_melanoma,True
32.50781850636609,5.140289137016532,1.1200547764846225,4.589319419849913,4.4469350782860415e-06,0.018539156021065758,CD79A,Macrophage,tumor,post.treatment_vs_treatment.naive,responder_vs_nonresponder,jerby_melanoma,True
14.889151204545616,-2.9180845622351534,0.6467686884929644,-4.511790094592522,6.4282787867773084e-06,0.018539156021065758,PAIP2B,Macrophage,tumor,post.treatment_vs_treatment.naive,responder_vs_nonresponder,jerby_melanoma,True
26.035124956891526,5.124761179477384,1.1325713633753334,4.524890302898328,6.042683982472447e-06,0.018539156021065758,ADORA2B,Macrophage,tumor,post.treatment_vs_treatment.naive,responder_vs_nonresponder,jerby_melanoma,True
29.480710948962628,4.551192949295587,0.9324068846989783,4.88112327781118,1.0548327250969612e-06,0.018252825475077818,PPP1R16B,Macrophage,tumor,post.treatment_vs_treatment.naive,responder_vs_nonresponder,jerby_melanoma,True
13.416209353969275,-6.557015116511574,1.4366537614033932,-4.564088643116324,5.016688031461494e-06,0.018539156021065758,SYT1,Macrophage,tumor,post.treatment_vs_treatment.naive,responder_vs_nonresponder,jerby_melanoma,True
38.82971338524942,4.806860166438989,1.0301076034884404,4.66636703792948,3.0657186926959402e-06,0.018539156021065758,CCDC141,Macrophage,tumor,post.treatment_vs_treatment.naive,responder_vs_nonresponder,jerby_melanoma,True
59.85845992493571,-3.1424298531875694,0.848427539402629,-3.7038282083584044,0.0002123701050379757,0.041934375633129586,EPT1,?,tumor,post.treatment_vs_treatment.naive,responder_vs_nonresponder,jerby_melanoma,True
63.455816164515454,-8.372812744148955,1.7350103415362665,-4.825799906607611,1.3944245463563284e-06,0.001834002084501648,HID1,?,tumor,post.treatment_vs_treatment.naive,responder_vs_nonresponder,jerby_melanoma,True
16.653655833378732,-6.857691633601945,1.8211519398737603,-3.7655790730329235,0.00016616352482989977,0.038138901672799624,TFEC,?,tumor,post.treatment_vs_treatment.naive,responder_vs_nonresponder,jerby_melanoma,True
272.65841574448126,4.69404194360529,1.0682069743206137,4.394318756990638,1.1112066691794815e-05,0.006608144024034162,CENPL,?,tumor,post.treatment_vs_treatment.naive,responder_vs_nonresponder,jerby_melanoma,True
527.0395403655206,-7.523752583172928,1.7423450770365216,-4.318175935601545,1.573240033311348e-05,0.007855050177123525,DCT,?,tumor,post.treatment_vs_treatment.naive,responder_vs_nonresponder,jerby_melanoma,True
163.4395400857029,-5.113639439233079,0.9599052821782473,-5.327233357471528,9.97200133326349e-08,0.00043487897814362077,ALAS1,?,tumor,post.treatment_vs_treatment.naive,responder_vs_nonresponder,jerby_melanoma,True
26.760558517891027,-7.064030622282112,1.5199556333233601,-4.647524222030556,3.3594265657959904e-06,0.003139384125736353,SLC6A8,?,tumor,post.treatment_vs_treatment.naive,responder_vs_nonresponder,jerby_melanoma,True
209.95681102186924,-6.16207206021369,1.603722618522289,-3.8423552733150204,0.00012185927168740142,0.03126048728404456,TREM1,?,tumor,post.treatment_vs_treatment.naive,responder_vs_nonresponder,jerby_melanoma,True
22.362457307597005,43.2808512266689,9.899331956375987,4.372098179695092,1.2305816082869138e-05,0.006999869209225084,SYNGR3,?,tumor,post.treatment_vs_treatment.naive,responder_vs_nonresponder,jerby_melanoma,True
40.3109225703666,-5.255783986014797,1.434101555361815,-3.664861784972261,0.0002474721916801856,0.04551964685659694,NDUFAF6,?,tumor,post.treatment_vs_treatment.naive,responder_vs_nonresponder,jerby_melanoma,True
36.1830165516987,4.211584322217864,1.1309259312476734,3.72401428409331,0.00019607982434386941,0.04008300534204443,LIX1,?,tumor,post.treatment_vs_treatment.naive,responder_vs_nonresponder,jerby_melanoma,True
90.18240171159664,-4.14057976547868,0.932813703619053,-4.438806751460022,9.045899058253676e-06,0.00563559511329204,FAM120C,?,tumor,post.treatment_vs_treatment.naive,responder_vs_nonresponder,jerby_melanoma,True
53.971713525439974,3.156908611165089,0.8453905429777264,3.734260617637716,0.0001882674630598147,0.04008300534204443,PCSK5,?,tumor,post.treatment_vs_treatment.naive,responder_vs_nonresponder,jerby_melanoma,True
29.692791751928038,-5.927241395123542,1.4585136107641352,-4.063891726055391,4.826121976501875e-05,0.016189783030403596,PKIB,?,tumor,post.treatment_vs_treatment.naive,responder_vs_nonresponder,jerby_melanoma,True
35.17767372970222,-8.32494799070762,2.0344125123849963,-4.092064878694665,4.2754898593782924e-05,0.015537842730623945,IL1RN,?,tumor,post.treatment_vs_treatment.naive,responder_vs_nonresponder,jerby_melanoma,True
396.8650253297599,-7.615829937298607,1.8171055589706842,-4.191187407743479,2.774983208543539e-05,0.011345345411679725,TM4SF1,?,tumor,post.treatment_vs_treatment.naive,responder_vs_nonresponder,jerby_melanoma,True
35.013366564526116,-7.658371783412648,1.8154224537107462,-4.218506699506134,2.459256652864065e-05,0.010378856383684054,ASB9,?,tumor,post.treatment_vs_treatment.naive,responder_vs_nonresponder,jerby_melanoma,True
35.22828036045607,-7.452066455677836,1.8929168111420445,-3.9368166692871287,8.256963832201385e-05,0.025720442337307314,FBN2,?,tumor,post.treatment_vs_treatment.naive,responder_vs_nonresponder,jerby_melanoma,True
14.992997223333665,-6.394642962306609,1.642830212778533,-3.892455174348963,9.923483905887521e-05,0.02666550503403232,GNB1L,?,tumor,post.treatment_vs_treatment.naive,responder_vs_nonresponder,jerby_melanoma,True
61.234588893270804,-3.949824206297595,0.8804524299961031,-4.486130166413508,7.2528441578940825e-06,0.004744448005886414,WIPF3,?,tumor,post.treatment_vs_treatment.naive,responder_vs_nonresponder,jerby_melanoma,True
236.5665425307773,-3.5062342636927037,0.902273068293446,-3.8860012416466945,0.00010190898507235465,0.02666550503403232,LOC100506548,?,tumor,post.treatment_vs_treatment.naive,responder_vs_nonresponder,jerby_melanoma,True
160.21504516218974,-4.5799370452518815,1.2022569303881236,-3.809449485787821,0.00013927655726027297,0.033130094520657294,HPGD,?,tumor,post.treatment_vs_treatment.naive,responder_vs_nonresponder,jerby_melanoma,True
84.25886548354879,-4.5646438749674765,1.0494069015308194,-4.349736854511643,1.363009936472187e-05,0.007430107916194009,RSAD2,?,tumor,post.treatment_vs_treatment.naive,responder_vs_nonresponder,jerby_melanoma,True
48.56782137671165,-4.0904416739620775,1.0997005613951782,-3.7195958768744988,0.0001995417920382671,0.04016315792671767,NAGPA,?,tumor,post.treatment_vs_treatment.naive,responder_vs_nonresponder,jerby_melanoma,True
110.3286582017409,-4.607453131740561,1.2580764196703056,-3.662299888704695,0.00024996099689802336,0.04551964685659694,MSL1,?,tumor,post.treatment_vs_treatment.naive,responder_vs_nonresponder,jerby_melanoma,True
115.25281611795732,8.11578178222072,1.7362047291408031,4.674438242220998,2.9475931489558293e-06,0.0029664123975222394,LOC93622,?,tumor,post.treatment_vs_treatment.naive,responder_vs_nonresponder,jerby_melanoma,True
39.83340830132529,-4.412365250670276,1.1347807969978798,-3.8882974247920052,0.00010094987525749212,0.02666550503403232,ITGA3,?,tumor,post.treatment_vs_treatment.naive,responder_vs_nonresponder,jerby_melanoma,True
91.45207227449384,-6.983964755175768,1.4532627017694992,-4.805713892383023,1.5420028227102446e-06,0.001834002084501648,APBA2,?,tumor,post.treatment_vs_treatment.naive,responder_vs_nonresponder,jerby_melanoma,True
42.15644684155173,-4.750324986663123,1.0312005838605989,-4.60659648666887,4.093131807091938e-06,0.003346902714511489,TOR2A,?,tumor,post.treatment_vs_treatment.naive,responder_vs_nonresponder,jerby_melanoma,True
17.063594345992314,-5.035254261023053,1.2885221274876992,-3.9077747704966144,9.315007902854426e-05,0.02666550503403232,PKP2,?,tumor,post.treatment_vs_treatment.naive,responder_vs_nonresponder,jerby_melanoma,True
29.850059380791542,-8.087207197505409,2.0682850112732214,-3.9101028888310623,9.225681571379659e-05,0.02666550503403232,MMP1,?,tumor,post.treatment_vs_treatment.naive,responder_vs_nonresponder,jerby_melanoma,True
14.467200625172083,5.471621015546907,1.3951232526372297,3.9219624540009574,8.783068080427437e-05,0.02666550503403232,ZNF790-AS1,?,tumor,post.treatment_vs_treatment.naive,responder_vs_nonresponder,jerby_melanoma,True
168.1522258308874,-3.4054058268515828,0.8362577273450962,-4.072196543597717,4.6571854557663726e-05,0.016034199294155647,CLDN11,?,tumor,post.treatment_vs_treatment.naive,responder_vs_nonresponder,jerby_melanoma,True
21.596251820083317,-5.128007902614927,1.374114029859442,-3.7318648898006446,0.00019006744267786792,0.04008300534204443,RNFT2,?,tumor,post.treatment_vs_treatment.naive,responder_vs_nonresponder,jerby_melanoma,True
48.545531755947394,-5.238784287320184,1.342298676785934,-3.9028454530434225,9.506840967155213e-05,0.02666550503403232,MOSPD1,?,tumor,post.treatment_vs_treatment.naive,responder_vs_nonresponder,jerby_melanoma,True
59.90799328275462,-6.503928238925286,1.5738859019962608,-4.132401358113657,3.589928467454354e-05,0.013813833570501562,COL19A1,?,tumor,post.treatment_vs_treatment.naive,responder_vs_nonresponder,jerby_melanoma,True
20.758163805410504,-4.936471310334877,1.0690737341928966,-4.617521834508163,3.883498311014569e-06,0.003346902714511489,PLA2G7,?,tumor,post.treatment_vs_treatment.naive,responder_vs_nonresponder,jerby_melanoma,True
100.30376086063914,-3.2323613698427733,0.8428169627961958,-3.835187843299733,0.00012546836631243958,0.03156452441366101,B4GALT5,?,tumor,post.treatment_vs_treatment.naive,responder_vs_nonresponder,jerby_melanoma,True
37.50792555287042,-7.460101872631031,1.6617652546777306,-4.489263361134473,7.146989280603585e-06,0.004744448005886414,KCTD15,?,tumor,post.treatment_vs_treatment.naive,responder_vs_nonresponder,jerby_melanoma,True
60.42942145534365,-6.074977738938577,1.2462031124319322,-4.874789413006215,1.0892458784886333e-06,0.001834002084501648,KIFC3,?,tumor,post.treatment_vs_treatment.naive,responder_vs_nonresponder,jerby_melanoma,True
81.37887615098575,-6.470079225200486,1.6227181191188884,-3.987186159425916,6.686156240354895e-05,0.021335361485991,FXYD3,?,tumor,post.treatment_vs_treatment.naive,responder_vs_nonresponder,jerby_melanoma,True
62.972696332007594,-4.875432787871796,1.27965712320432,-3.809952446998841,0.0001389935234407925,0.033130094520657294,DAAM2,?,tumor,post.treatment_vs_treatment.naive,responder_vs_nonresponder,jerby_melanoma,True
528.9253353657394,-12.669688997407524,2.9385408814338847,-4.311557847452933,1.6210835036485148e-05,0.007855050177123525,CPA3,?,tumor,post.treatment_vs_treatment.naive,responder_vs_nonresponder,jerby_melanoma,True
85.050049727737,-5.05098859288143,1.3930023837844752,-3.625972684381937,0.00028787578625409524,0.04955630146792537,CAMSAP2,?,tumor,post.treatment_vs_treatment.naive,responder_vs_nonresponder,jerby_melanoma,True
52.360901537962434,-3.864136090709316,0.8580779174912424,-4.503246164412282,6.692328984500122e-06,0.004744448005886414,CRAMP1L,?,tumor,post.treatment_vs_treatment.naive,responder_vs_nonresponder,jerby_melanoma,True
8.556280603986151,-5.579209059913929,1.4333357183744129,-3.892464960157045,9.9230835136718e-05,0.02666550503403232,TMEM110,?,tumor,post.treatment_vs_treatment.naive,responder_vs_nonresponder,jerby_melanoma,True
24.181493683376864,7.9423410534839665,2.1711038336827757,3.6582041495507935,0.0002539887044662216,0.04551964685659694,SULT1C4,?,tumor,post.treatment_vs_treatment.naive,responder_vs_nonresponder,jerby_melanoma,True
18.472554925830472,-6.684576088719156,1.6578980739741132,-4.031958413882283,5.5313976575143835e-05,0.01809181888831517,ZNF79,?,tumor,post.treatment_vs_treatment.naive,responder_vs_nonresponder,jerby_melanoma,True
29.351782767300286,7.66512090590673,2.056902345501292,3.7265361297639275,0.000194129256177512,0.04008300534204443,ZNF132,?,tumor,post.treatment_vs_treatment.naive,responder_vs_nonresponder,jerby_melanoma,True
27.03751669813412,-5.652724516137715,1.4757046036078887,-3.8305257721075106,0.00012786973889199982,0.03156452441366101,LACC1,?,tumor,post.treatment_vs_treatment.naive,responder_vs_nonresponder,jerby_melanoma,True
113.49538631168602,-7.0830674344854865,1.4662407406311928,-4.830767034502356,1.3600806850944116e-06,0.001834002084501648,ADRB2,?,tumor,post.treatment_vs_treatment.naive,responder_vs_nonresponder,jerby_melanoma,True
54.91809874848504,-6.954528492960119,1.4446931534228378,-4.8138447091571726,1.4805387330627114e-06,0.001834002084501648,SRXN1,?,tumor,post.treatment_vs_treatment.naive,responder_vs_nonresponder,jerby_melanoma,True
52.57687226487542,-3.9023886245609143,1.042473106497028,-3.7433950096553783,0.00018155048090503823,0.04008300534204443,DUSP16,?,tumor,post.treatment_vs_treatment.naive,responder_vs_nonresponder,jerby_melanoma,True
14.174028286146768,-6.121318077025865,1.6576130621233487,-3.692851013845568,0.00022175394946101783,0.042664807658801415,ABHD6,?,tumor,post.treatment_vs_treatment.naive,responder_vs_nonresponder,jerby_melanoma,True
149.80186537889676,-5.8892261864356765,1.3618790469893622,-4.324338640391519,1.529901351733812e-05,0.007855050177123525,FRS2,?,tumor,post.treatment_vs_treatment.naive,responder_vs_nonresponder,jerby_melanoma,True
22.110673974552356,-6.353239779212975,1.747065287146224,-3.6365210996726924,0.0002763450168136642,0.04820562473297558,CTDP1,?,tumor,post.treatment_vs_treatment.naive,responder_vs_nonresponder,jerby_melanoma,True
77.49413494484274,3.081250723798703,0.8246769532552981,3.73631239679476,0.00018673865123130343,0.04008300534204443,APOLD1,?,tumor,post.treatment_vs_treatment.naive,responder_vs_nonresponder,jerby_melanoma,True
245.56795761134623,-5.521182955224021,0.978138658631958,-5.644581068849733,1.655839445109498e-08,0.00014912244811892116,GPR56,?,tumor,post.treatment_vs_treatment.naive,responder_vs_nonresponder,jerby_melanoma,True
249.3297708967133,-5.500708280244151,1.3362192959862422,-4.116620899553891,3.844676917740827e-05,0.014371402318515211,CRYL1,?,tumor,post.treatment_vs_treatment.naive,responder_vs_nonresponder,jerby_melanoma,True
98.6696600373276,-8.598518857980617,2.0076378458131683,-4.282903351275436,1.8447031311041015e-05,0.008619375380083914,B3GNT5,?,tumor,post.treatment_vs_treatment.naive,responder_vs_nonresponder,jerby_melanoma,True
28.903846249690563,-6.7717801366553125,1.8392150079284597,-3.681886080454774,0.00023151486240174468,0.04389723108408733,GLUD2,?,tumor,post.treatment_vs_treatment.naive,responder_vs_nonresponder,jerby_melanoma,True
25.0691251933788,-5.2376663579619445,1.4399660609326603,-3.637354032198181,0.0002754532011219311,0.04820562473297558,PI4K2A,?,tumor,post.treatment_vs_treatment.naive,responder_vs_nonresponder,jerby_melanoma,True
18.9592685714167,-4.9820997710471975,1.3272820412768513,-3.753610473215169,0.0001743056598193667,0.03931794736925474,IL1RL1,?,tumor,post.treatment_vs_treatment.naive,responder_vs_nonresponder,jerby_melanoma,True
23.594428782933345,-3.592882060571793,0.9814260555320491,-3.660879024272517,0.00025135142507060813,0.04551964685659694,PRKAA2,?,tumor,post.treatment_vs_treatment.naive,responder_vs_nonresponder,jerby_melanoma,True
25.886269083213637,-5.656753888984085,1.1862392458481605,-4.768645034113256,1.85469125098317e-06,0.002022077136384401,CSRNP2,?,tumor,post.treatment_vs_treatment.naive,responder_vs_nonresponder,jerby_melanoma,True
103.8517740324171,-3.5840700799959317,0.9458602063844985,-3.789217535322533,0.00015112253701986042,0.03530600271126489,LAMP3,?,tumor,post.treatment_vs_treatment.naive,responder_vs_nonresponder,jerby_melanoma,True
222.41351749322922,-9.739716694205923,1.972048390148623,-4.938883215473171,7.857124752924521e-07,0.001834002084501648,KRT17,?,tumor,post.treatment_vs_treatment.naive,responder_vs_nonresponder,jerby_melanoma,True
43.178259270910765,-7.746323968582397,1.5910161073894686,-4.86879041174041,1.1228341794176045e-06,0.001834002084501648,ZNF223,?,tumor,post.treatment_vs_treatment.naive,responder_vs_nonresponder,jerby_melanoma,True
56.43712199560506,7.822353922140479,1.5714897513350456,4.977667792930285,6.435498646622974e-07,0.001834002084501648,GFRA1,?,tumor,post.treatment_vs_treatment.naive,responder_vs_nonresponder,jerby_melanoma,True
229.99499162639586,-7.444016576084239,1.7442080574522514,-4.267848978382571,1.973668653708045e-05,0.008903967929814604,NSG1,?,tumor,post.treatment_vs_treatment.naive,responder_vs_nonresponder,jerby_melanoma,True
30.201477751533147,-6.919073806468631,1.6249515872342388,-4.258018430103073,2.0624694914966917e-05,0.008994429452417073,STEAP3,?,tumor,post.treatment_vs_treatment.naive,responder_vs_nonresponder,jerby_melanoma,True
146.04754408261502,-6.509038765831935,1.75872474762451,-3.700999132822587,0.00021475221030495164,0.041934375633129586,TRIB1,?,tumor,post.treatment_vs_treatment.naive,responder_vs_nonresponder,jerby_melanoma,True
108.12242033495477,6.91859146625468,1.6989311744343092,4.072320038837568,4.654716148481931e-05,0.016034199294155647,IGF2,?,tumor,post.treatment_vs_treatment.naive,responder_vs_nonresponder,jerby_melanoma,True
19.56760693866224,-4.085934245579607,0.9772524562812005,-4.18104269712257,2.901753636728886e-05,0.011504134190704247,PRLR,?,tumor,post.treatment_vs_treatment.naive,responder_vs_nonresponder,jerby_melanoma,True
95.59796223683455,-6.468911886234409,1.1573706060373088,-5.5893175897936,2.2796369046689776e-08,0.00014912244811892116,MFSD12,?,tumor,post.treatment_vs_treatment.naive,responder_vs_nonresponder,jerby_melanoma,True
16.602916706395575,-5.553363865208798,1.2322793879848675,-4.50657855625594,6.588130168848026e-06,0.004744448005886414,C2orf42,?,tumor,post.treatment_vs_treatment.naive,responder_vs_nonresponder,jerby_melanoma,True
32.090979801316784,-7.458356495045347,1.5558780438916908,-4.79366395349978,1.6376250441745087e-06,0.0048954057422274004,SERPINF1,T.CD4,tumor,treatment.naive_vs_post.treatment,responder_vs_nonresponder,jerby_melanoma,True
70.4436301602064,-2.3111804788181742,0.5397629305697933,-4.281843653802622,1.853511981830123e-05,0.0349760498441587,TMPRSS3,T.CD4,tumor,treatment.naive_vs_post.treatment,responder_vs_nonresponder,jerby_melanoma,True
23.86629463535514,3.3465738826912452,0.8314631929305755,4.024921260670493,5.69943823584454e-05,0.04938603341051035,RNF212,T.CD4,tumor,treatment.naive_vs_post.treatment,responder_vs_nonresponder,jerby_melanoma,True
92.11171850070076,-2.132747954193907,0.5029984958976277,-4.240068253858105,2.2345183214772652e-05,0.03651451217107349,TLR6,T.CD4,tumor,treatment.naive_vs_post.treatment,responder_vs_nonresponder,jerby_melanoma,True
77.13725784782173,-4.247927388980149,0.8867543693822699,-4.790421717278186,1.6643114646859999e-06,0.0048954057422274004,MLPH,T.CD4,tumor,treatment.naive_vs_post.treatment,responder_vs_nonresponder,jerby_melanoma,True
1205.0693272739036,1.5480401717212284,0.3620274005326685,4.276030403896284,1.902552517530901e-05,0.0349760498441587,HIVEP2,T.CD4,tumor,treatment.naive_vs_post.treatment,responder_vs_nonresponder,jerby_melanoma,True
662.420616597154,-0.8817999119205451,0.21697204637189646,-4.0641175979375435,4.8214514123613084e-05,0.04938603341051035,S1PR2,T.CD4,tumor,treatment.naive_vs_post.treatment,responder_vs_nonresponder,jerby_melanoma,True
50.802836169331414,2.506074691695267,0.5194341556834524,4.824624380731888,1.4026736122907963e-06,0.0048954057422274004,TMEM45B,T.CD4,tumor,treatment.naive_vs_post.treatment,responder_vs_nonresponder,jerby_melanoma,True
33.14230671363694,-2.5939225530849437,0.6048450456196267,-4.288573696470687,1.7982413515805533e-05,0.0349760498441587,ITGAX,T.CD4,tumor,treatment.naive_vs_post.treatment,responder_vs_nonresponder,jerby_melanoma,True
25.721749127597036,-5.911335020831764,1.4696084828903189,-4.022387656068629,5.7611135408303495e-05,0.04938603341051035,C1QA,T.CD4,tumor,treatment.naive_vs_post.treatment,responder_vs_nonresponder,jerby_melanoma,True
86.82252141965787,2.8086120434846014,0.6765905691066443,4.1511250255720125,3.308449631679599e-05,0.04423397157555624,FGFR1,T.CD4,tumor,treatment.naive_vs_post.treatment,responder_vs_nonresponder,jerby_melanoma,True
90.88179033502959,-1.3711392308615367,0.3415863172663562,-4.014034408153338,5.968963949654529e-05,0.04938603341051035,CD68,T.CD4,tumor,treatment.naive_vs_post.treatment,responder_vs_nonresponder,jerby_melanoma,True
9.813796285493128,4.533512184790805,1.1024433366941335,4.112240542344175,3.918377230575052e-05,0.048022978275056076,S1PR5,T.CD4,tumor,treatment.naive_vs_post.treatment,responder_vs_nonresponder,jerby_melanoma,True
30.41079608231843,-3.0912469000656424,0.7706786663431053,-4.011071066406583,6.0443911157216724e-05,0.04938603341051035,MCM10,T.CD4,tumor,treatment.naive_vs_post.treatment,responder_vs_nonresponder,jerby_melanoma,True
186.53386207667575,4.864466902278062,1.0095665655462973,4.818371634212944,1.4473459621164441e-06,0.0048954057422274004,TAPT1-AS1,T.CD4,tumor,treatment.naive_vs_post.treatment,responder_vs_nonresponder,jerby_melanoma,True
79.08501579886716,1.9142016244439997,0.47709687644064813,4.012186453042374,6.0158954115485094e-05,0.04938603341051035,CRTAM,T.CD4,tumor,treatment.naive_vs_post.treatment,responder_vs_nonresponder,jerby_melanoma,True
16.878369919668597,-5.798504811317634,1.2090055468383454,-4.796094464976797,1.6178900577318018e-06,0.0048954057422274004,SIGLEC9,T.CD4,tumor,treatment.naive_vs_post.treatment,responder_vs_nonresponder,jerby_melanoma,True
95.10732191765646,-1.9750982253336062,0.47359959023939824,-4.170396820519251,3.0406970318331597e-05,0.04423397157555624,MECR,T.CD4,tumor,treatment.naive_vs_post.treatment,responder_vs_nonresponder,jerby_melanoma,True
229.50505387944278,-10.174577955355872,2.3077678602031018,-4.408839437802219,1.039260359015611e-05,0.021609687065131274,HSPA2,CAF,tumor,post.treatment_vs_treatment.naive,responder_vs_nonresponder,jerby_melanoma,True
166.45123076072832,-7.921949757138156,1.749357256973391,-4.528491664901044,5.940622416976065e-06,0.01852880131854835,CDKN3,CAF,tumor,post.treatment_vs_treatment.naive,responder_vs_nonresponder,jerby_melanoma,True
170.94316284973948,10.087383966549002,2.062159790402518,4.891659712063351,9.998920877056298e-07,0.006237326843107719,SEMA6D,CAF,tumor,post.treatment_vs_treatment.naive,responder_vs_nonresponder,jerby_melanoma,True
78.3794747174973,-6.794495155298663,1.4444790649073076,-4.703768521376713,2.5540280507303126e-06,0.010621351320303793,KIAA1522,CAF,tumor,post.treatment_vs_treatment.naive,responder_vs_nonresponder,jerby_melanoma,True
191.21404901087848,-11.630969048695295,2.8242966012022994,-4.11818257464319,3.818721088408408e-05,0.047642364298983296,MAP3K11,CAF,tumor,post.treatment_vs_treatment.naive,responder_vs_nonresponder,jerby_melanoma,True
644.5077975487227,-10.54880139598097,2.443581367871596,-4.316942965222054,1.5820501582968052e-05,0.028196653964158488,FCGR2A,CAF,tumor,post.treatment_vs_treatment.naive,responder_vs_nonresponder,jerby_melanoma,True
44.013863489388484,-9.52344746240868,2.2641930342685983,-4.206111103722671,2.5980254742103593e-05,0.03601440646249827,EIF3CL,CAF,tumor,post.treatment_vs_treatment.naive,responder_vs_nonresponder,jerby_melanoma,True
58.66017938178531,-7.866321128431072,1.8677004024811563,-4.2117681818674,2.533795019376076e-05,0.03601440646249827,TM7SF2,CAF,tumor,post.treatment_vs_treatment.naive,responder_vs_nonresponder,jerby_melanoma,True
146.67017221679353,-8.88422156722177,1.9992227903043338,-4.443837680476501,8.836828435667229e-06,0.021609687065131274,TSPAN5,CAF,tumor,post.treatment_vs_treatment.naive,responder_vs_nonresponder,jerby_melanoma,True
49.16672661851276,-6.837648012231396,1.3636188721299474,-5.01433952842785,5.321594421054932e-07,0.006237326843107719,CHTF18,CAF,tumor,post.treatment_vs_treatment.naive,responder_vs_nonresponder,jerby_melanoma,True
17.31790726610852,4.347557484961202,0.9912630843541901,4.3858765181330694,1.155196446923307e-05,0.03862976918511538,DCAF4L1,T.CD8,tumor,post.treatment_vs_treatment.naive,responder_vs_nonresponder,jerby_melanoma,True
21.10575662976376,-3.844999796084554,0.8584636454671808,-4.4789314217168545,7.501762757750608e-06,0.03862976918511538,FAM20A,T.CD8,tumor,post.treatment_vs_treatment.naive,responder_vs_nonresponder,jerby_melanoma,True
24.077132770975734,5.0071419838008095,1.1293557559379257,4.433626833240335,9.266095407126893e-06,0.03862976918511538,ZXDA,T.CD8,tumor,post.treatment_vs_treatment.naive,responder_vs_nonresponder,jerby_melanoma,True
132.57484191785008,-1.9024096162416813,0.3996765114254279,-4.759873452299773,1.937143790866539e-06,0.01943342650997312,ARSK,T.CD8,tumor,post.treatment_vs_treatment.naive,responder_vs_nonresponder,jerby_melanoma,True
50.76091965907539,-3.0473241769564687,0.614305324793589,-4.9606019254031235,7.027507494658004e-07,0.01409999103728182,ILDR1,T.CD8,tumor,post.treatment_vs_treatment.naive,responder_vs_nonresponder,jerby_melanoma,True
146.06576479105172,-5.043661015900339,1.1427625765972076,-4.41356859175315,1.0168048224552207e-05,0.03862976918511538,SLC22A23,T.CD8,tumor,post.treatment_vs_treatment.naive,responder_vs_nonresponder,jerby_melanoma,True
9.872437435118956,5.766707687863186,1.36493633052557,4.22489134393742,2.3905609141323705e-05,0.02416305416284565,RASAL1,T.cell,tumor,treatment.naive_vs_post.treatment,responder_vs_nonresponder,jerby_melanoma,True
20.250539383812242,10.089315792256745,2.322576261323038,4.344019165385528,1.3989930225447675e-05,0.017676995102215074,ZNF502,T.cell,tumor,treatment.naive_vs_post.treatment,responder_vs_nonresponder,jerby_melanoma,True
26.133087449321383,3.25164593228234,0.8053049115366089,4.037782317852561,5.39588878821283e-05,0.037983370713515784,PRDM11,T.cell,tumor,treatment.naive_vs_post.treatment,responder_vs_nonresponder,jerby_melanoma,True
21.06693458801143,-5.350456640143209,1.3712268202019724,-3.9019486501548464,9.542140298748506e-05,0.04951811532556338,ADM,T.cell,tumor,treatment.naive_vs_post.treatment,responder_vs_nonresponder,jerby_melanoma,True
289.3211493273439,-2.1851970138130152,0.5316939515170909,-4.1098775105076095,3.958690477531416e-05,0.030598348749860477,KBTBD6,T.cell,tumor,treatment.naive_vs_post.treatment,responder_vs_nonresponder,jerby_melanoma,True
158.57830648389458,3.6638536207855323,0.6308509067183079,5.807796393358506,6.330042801820667e-09,4.1588381207961785e-05,RNF144A,T.cell,tumor,treatment.naive_vs_post.treatment,responder_vs_nonresponder,jerby_melanoma,True
47.43213580934283,-6.491780345231189,1.658114668939726,-3.9151576587778028,9.034515247053547e-05,0.04951811532556338,ME3,T.cell,tumor,treatment.naive_vs_post.treatment,responder_vs_nonresponder,jerby_melanoma,True
2062.5383397560013,-1.2213230727589528,0.3055332393737788,-3.997349274541054,6.405575188061876e-05,0.04208462898556652,YWHAQ,T.cell,tumor,treatment.naive_vs_post.treatment,responder_vs_nonresponder,jerby_melanoma,True
21.55470170980238,-4.095155793890292,1.051242711154201,-3.895537871928794,9.798105011146485e-05,0.04951811532556338,FAM86C1,T.cell,tumor,treatment.naive_vs_post.treatment,responder_vs_nonresponder,jerby_melanoma,True
25.916071945933577,-5.756626215711861,1.2847250732207336,-4.48082343507185,7.435560624142948e-06,0.010855918511248704,C1orf109,T.cell,tumor,treatment.naive_vs_post.treatment,responder_vs_nonresponder,jerby_melanoma,True
77.56635510143464,3.7843167368413817,0.6054038618824924,6.250896261338864,4.081038919816177e-10,5.362485140638456e-06,PTPN3,T.cell,tumor,treatment.naive_vs_post.treatment,responder_vs_nonresponder,jerby_melanoma,True
83.29648043526777,5.157611871709225,1.190674468920371,4.331672515314639,1.4798093312356607e-05,0.017676995102215074,TLR5,T.cell,tumor,treatment.naive_vs_post.treatment,responder_vs_nonresponder,jerby_melanoma,True
34.57811522136135,2.171538605345822,0.480017507902953,4.523873753756603,6.0717950192064785e-06,0.009972923319046641,CR1,T.cell,tumor,treatment.naive_vs_post.treatment,responder_vs_nonresponder,jerby_melanoma,True
65.74902141650254,-4.341129924672646,1.0762350800665137,-4.033626114848769,5.492268215805174e-05,0.037983370713515784,ZNF154,T.cell,tumor,treatment.naive_vs_post.treatment,responder_vs_nonresponder,jerby_melanoma,True
163.48663163095856,2.3342077659665383,0.589952554270628,3.956602525185052,7.602326837836727e-05,0.047568845071035516,FDXACB1,T.cell,tumor,treatment.naive_vs_post.treatment,responder_vs_nonresponder,jerby_melanoma,True
44.943286177605344,-6.355776056604643,1.396275658473529,-4.551949336102488,5.315113666170019e-06,0.009972923319046641,FANCB,T.cell,tumor,treatment.naive_vs_post.treatment,responder_vs_nonresponder,jerby_melanoma,True
26.51250616867691,7.273570229129938,1.8610888559430885,3.908233723447948,9.297334195699586e-05,0.04951811532556338,B3GNT5,T.cell,tumor,treatment.naive_vs_post.treatment,responder_vs_nonresponder,jerby_melanoma,True
24.335186559460748,-5.551184553574309,1.1139715362141334,-4.983237338756591,6.252917502999001e-07,0.0020540833997351716,PMS2CL,T.cell,tumor,treatment.naive_vs_post.treatment,responder_vs_nonresponder,jerby_melanoma,True
55.84737463385587,-6.873482010881066,1.7641537336307234,-3.8961921967736166,9.77168555177364e-05,0.04951811532556338,C10orf10,T.cell,tumor,treatment.naive_vs_post.treatment,responder_vs_nonresponder,jerby_melanoma,True
51.53806770297198,-4.174161436657993,0.8452644297577048,-4.938290657580986,7.881031900435733e-07,0.0020711351834345106,FAM200A,T.cell,tumor,treatment.naive_vs_post.treatment,responder_vs_nonresponder,jerby_melanoma,True
42.47044982469611,-5.063611919220102,1.207061312351806,-4.194991478398307,2.728818469151868e-05,0.025611910489039675,ZNF418,T.cell,tumor,treatment.naive_vs_post.treatment,responder_vs_nonresponder,jerby_melanoma,True
61.10984893482597,-4.9556768013350485,0.9573489786433996,-5.176458023026705,2.2613790207729946e-07,0.0009904840110985715,SIAE,T.cell,tumor,treatment.naive_vs_post.treatment,responder_vs_nonresponder,jerby_melanoma,True
12.246662077332457,-5.336143263995334,1.259848216951087,-4.235544561795818,2.2799848075964855e-05,0.02416305416284565,TLR2,T.cell,tumor,treatment.naive_vs_post.treatment,responder_vs_nonresponder,jerby_melanoma,True
55.77203259813985,2.3788565334194702,0.5777045317361688,4.117773710845439,3.825500491375897e-05,0.030598348749860477,ZNF283,T.cell,tumor,treatment.naive_vs_post.treatment,responder_vs_nonresponder,jerby_melanoma,True
428.8865808235801,-2.2433746192958517,0.5446412896235273,-4.118994762307758,3.805287953763177e-05,0.030598348749860477,NT5C2,T.cell,tumor,treatment.naive_vs_post.treatment,responder_vs_nonresponder,jerby_melanoma,True
14.498439590052284,-4.390267601761306,0.9271630328190671,-4.735162475592416,2.1887968225644914e-06,0.004793465041416236,FANCE,T.cell,tumor,treatment.naive_vs_post.treatment,responder_vs_nonresponder,jerby_melanoma,True
47.186316210156576,-4.867979248776642,1.186711419391728,-4.102075002591463,4.094614903578793e-05,0.01443618793613932,LARP7,NK,tumor,treatment.naive_vs_post.treatment,responder_vs_nonresponder,jerby_melanoma,True
82.72782339745277,-4.084037989240288,1.0638338325775463,-3.8389811116884074,0.00012354593339319734,0.03260666146858695,TRIM5,NK,tumor,treatment.naive_vs_post.treatment,responder_vs_nonresponder,jerby_melanoma,True
56.559375240467695,8.06807468900647,1.9637328784674708,4.108539800638734,3.9816859306995026e-05,0.01443618793613932,MFSD9,NK,tumor,treatment.naive_vs_post.treatment,responder_vs_nonresponder,jerby_melanoma,True
167.67654638201623,-5.748532284774634,0.9882598987414357,-5.816822368382526,5.9976816686789e-09,4.86352006513172e-05,FUCA2,NK,tumor,treatment.naive_vs_post.treatment,responder_vs_nonresponder,jerby_melanoma,True
489.8551821872833,-1.6566147888118923,0.44082277043136436,-3.7580063915274207,0.00017127250751652098,0.040848493042690254,CD99,NK,tumor,treatment.naive_vs_post.treatment,responder_vs_nonresponder,jerby_melanoma,True
127.09200297683348,-8.475068971010964,1.864488888344357,-4.545518626574771,5.480015045861004e-06,0.004443744200688688,KIR3DL1,NK,tumor,treatment.naive_vs_post.treatment,responder_vs_nonresponder,jerby_melanoma,True
13.922729588599365,5.919428736916365,1.4117744944303792,4.192899616949609,2.754113344592748e-05,0.01238320966063971,MAPKAPK2,NK,tumor,treatment.naive_vs_post.treatment,responder_vs_nonresponder,jerby_melanoma,True
35.330859959702266,4.3284608622627845,1.0536332857100987,4.108128436114855,3.988782802333507e-05,0.01443618793613932,ZMAT1,NK,tumor,treatment.naive_vs_post.treatment,responder_vs_nonresponder,jerby_melanoma,True
21.003911954479427,7.917319333885241,1.558543401970097,5.079947933357038,3.775383273731848e-07,0.0006122916593338311,EBNA1BP2,NK,tumor,treatment.naive_vs_post.treatment,responder_vs_nonresponder,jerby_melanoma,True
197.39353309648567,-6.619881769950923,1.7385097627446866,-3.807790966614838,0.00014021371524901817,0.034454333847099644,TM2D2,NK,tumor,treatment.naive_vs_post.treatment,responder_vs_nonresponder,jerby_melanoma,True
91.89178963419026,5.684236578487847,1.2054200378667839,4.715565031212827,2.410408879387512e-06,0.0032576676004922225,LOC100505648,NK,tumor,treatment.naive_vs_post.treatment,responder_vs_nonresponder,jerby_melanoma,True
51.49901499466479,-6.519017655627508,1.7658839195739482,-3.6916456304785537,0.00022280776088354727,0.04883103062174824,DPEP2,NK,tumor,treatment.naive_vs_post.treatment,responder_vs_nonresponder,jerby_melanoma,True
72.55527163645898,-9.06419681840495,2.463425509401359,-3.6795091971778984,0.00023368326205340945,0.049866778210292034,APEX1,NK,tumor,treatment.naive_vs_post.treatment,responder_vs_nonresponder,jerby_melanoma,True
124.41827501211617,-3.0969065662708717,0.5862337989028091,-5.2827158244151375,1.2728274913443946e-07,0.0002580339531827924,CDC27,NK,tumor,treatment.naive_vs_post.treatment,responder_vs_nonresponder,jerby_melanoma,True
53.84672248625891,5.666421968281607,1.2395225349139836,4.571455385984432,4.843484186053049e-06,0.004363979251633798,PDCL,NK,tumor,treatment.naive_vs_post.treatment,responder_vs_nonresponder,jerby_melanoma,True
229.2912972005273,-7.446963805625012,1.8390295513623747,-4.04939866252188,5.134940692069155e-05,0.01665569362879551,ISOC1,NK,tumor,treatment.naive_vs_post.treatment,responder_vs_nonresponder,jerby_melanoma,True
34.38021844167253,6.908730065880064,1.804324699837634,3.828983811229631,0.00012867346984767324,0.03260666146858695,IPO11,NK,tumor,treatment.naive_vs_post.treatment,responder_vs_nonresponder,jerby_melanoma,True
46.205417062981255,7.246061098024683,1.610040571065588,4.500545655957573,6.77792440121437e-06,0.004996562633586121,NR4A3,NK,tumor,treatment.naive_vs_post.treatment,responder_vs_nonresponder,jerby_melanoma,True
97.7576987139162,4.957723839242392,0.8883832213541523,5.580613996384792,2.3967100843008218e-08,9.717461036797683e-05,ZDHHC20,NK,tumor,treatment.naive_vs_post.treatment,responder_vs_nonresponder,jerby_melanoma,True
61.580290282444224,-7.96874213177544,2.1546297190851402,-3.6984276514848147,0.00021693916485356543,0.04883103062174824,RAP2A,NK,tumor,treatment.naive_vs_post.treatment,responder_vs_nonresponder,jerby_melanoma,True
49.230299945674304,-7.642371414978015,1.8701003081990761,-4.086610424837419,4.377211989753945e-05,0.01478950501038114,NOB1,NK,tumor,treatment.naive_vs_post.treatment,responder_vs_nonresponder,jerby_melanoma,True
19.407515475755453,2.8576371165231347,0.6495872794568307,4.399158060657565,1.0867165797711975e-05,0.006778603650280492,INE1,NK,tumor,treatment.naive_vs_post.treatment,responder_vs_nonresponder,jerby_melanoma,True
88.54250490207716,-4.7675559940595615,1.2993115185912494,-3.669294026754017,0.00024322121215575226,0.04988432163827901,HERC2P7,NK,tumor,treatment.naive_vs_post.treatment,responder_vs_nonresponder,jerby_melanoma,True
370.3464739956738,-4.615608047384685,1.1076910446677948,-4.166873127306849,3.088062500780966e-05,0.012520549409416427,ERAP2,NK,tumor,treatment.naive_vs_post.treatment,responder_vs_nonresponder,jerby_melanoma,True
140.49048053044032,-8.883803074822806,2.0557004964499836,-4.321545424620155,1.549401449758974e-05,0.008044884483714371,CSF1,NK,tumor,treatment.naive_vs_post.treatment,responder_vs_nonresponder,jerby_melanoma,True
20.642403131031116,6.390380269115956,1.39633314226228,4.576544146737455,4.727199880479985e-06,0.004363979251633798,GPATCH2L,NK,tumor,treatment.naive_vs_post.treatment,responder_vs_nonresponder,jerby_melanoma,True
23.801152959075438,4.777661846564943,1.3053740436887087,3.6599945200873525,0.000252220642146928,0.04988432163827901,PDPR,NK,tumor,treatment.naive_vs_post.treatment,responder_vs_nonresponder,jerby_melanoma,True
44.54580536380989,2.8825682930294225,0.7706955809419272,3.74021645421453,0.00018386185261307328,0.04259816465255461,C9orf64,NK,tumor,treatment.naive_vs_post.treatment,responder_vs_nonresponder,jerby_melanoma,True
81.72337473073704,-5.232437232086082,1.3035901683061744,-4.0138667499194725,5.973207527779245e-05,0.018009777003117483,CUL4A,NK,tumor,treatment.naive_vs_post.treatment,responder_vs_nonresponder,jerby_melanoma,True
75.7082765659379,-9.122718641563427,2.1135974035720424,-4.3162045080798075,1.5873492630340355e-05,0.008044884483714371,HIATL1,NK,tumor,treatment.naive_vs_post.treatment,responder_vs_nonresponder,jerby_melanoma,True
207.79868286491336,-4.715074351043297,1.1774866019555017,-4.004354990717324,6.21869226892699e-05,0.018009777003117483,HSPD1,NK,tumor,treatment.naive_vs_post.treatment,responder_vs_nonresponder,jerby_melanoma,True
27.30061217467603,7.610950047793436,1.914428973725634,3.9755719079940115,7.021032467560146e-05,0.019632259406705252,CD6,NK,tumor,treatment.naive_vs_post.treatment,responder_vs_nonresponder,jerby_melanoma,True
27.15953186054646,8.833136364673448,2.1126526678081485,4.181064166045676,2.9014796343834568e-05,0.01238320966063971,FAM108A1,NK,tumor,treatment.naive_vs_post.treatment,responder_vs_nonresponder,jerby_melanoma,True
48.7527638187785,9.024134705982185,1.659017113498277,5.439446424367193,5.344637808461856e-08,0.00014446555996272398,TRNAU1AP,NK,tumor,treatment.naive_vs_post.treatment,responder_vs_nonresponder,jerby_melanoma,True
117.7273945375726,-9.761533156430069,2.274708584113301,-4.291333502939758,1.7760334256505446e-05,0.008471679440353097,PEX3,NK,tumor,treatment.naive_vs_post.treatment,responder_vs_nonresponder,jerby_melanoma,True
74.9425289166193,-4.830474500744495,1.03170487566646,-4.6820312811104134,2.8404612230578517e-06,0.0032904714368251595,NAAA,NK,tumor,treatment.naive_vs_post.treatment,responder_vs_nonresponder,jerby_melanoma,True
104.01772334487389,6.5894374901993436,1.64408752998441,4.007960263686099,6.124542172138896e-05,0.018009777003117483,DEDD2,NK,tumor,treatment.naive_vs_post.treatment,responder_vs_nonresponder,jerby_melanoma,True
24.873647086010873,4.357191619519101,1.1902945428501275,3.660599509333149,0.00025162580499146374,0.04988432163827901,ZFAT,NK,tumor,treatment.naive_vs_post.treatment,responder_vs_nonresponder,jerby_melanoma,True
72.39113412105738,-7.311301352823791,1.906229001330033,-3.8354790257217144,0.00012531980130124574,0.03260666146858695,VAMP1,NK,tumor,treatment.naive_vs_post.treatment,responder_vs_nonresponder,jerby_melanoma,True
41.57552887603899,-8.264899404320865,1.9029340373649508,-4.343240092423548,1.4039655328849312e-05,0.008044884483714371,LOC645212,NK,tumor,treatment.naive_vs_post.treatment,responder_vs_nonresponder,jerby_melanoma,True
19.370238785325885,8.345105327447529,1.8920375918586,4.410644568245552,1.030633700750512e-05,0.006778603650280492,BRF2,NK,tumor,treatment.naive_vs_post.treatment,responder_vs_nonresponder,jerby_melanoma,True
196.99054725019408,8.195945921649038,1.4561976105928793,5.628319853039811,1.8197341784304487e-08,0.0003265149036357754,FCGR3A,B.cell,tumor,treatment.naive_vs_post.treatment,responder_vs_nonresponder,jerby_melanoma,True
