gene,ob_lfc,ob_padj,rescue_lfc,rescue_padj,ceil_lfc,ceil_padj,ex_lfc,ex_padj,is_rescued,is_normalized,class
Prex2,-2.5770446813183585,0.0396218837531747,3.2382656550793416,0.0027155199499249,0.2074820111324693,0.9996496209943752,0.4086976596109878,0.9997708173996,True,True,Fully rescued
Aox3,-2.0338984941697724,3.081060004870795e-08,2.02880700600237,0.0120387436773373,-0.34590786768023574,0.9996496209943752,0.2960714192577944,0.9997708173996,True,True,Fully rescued
Adam23,-1.7364559350191102,0.0012268148600914,0.7187065625394831,0.7131558971629309,-1.2006494968429549,0.1959143556988755,0.1767657984327771,0.9997708173996,True,True,Fully rescued
Cyp27a1,-1.252369983943295,0.0239055721311193,1.3822677577225246,0.0791404176787576,-0.17000802443636426,0.9996496209943752,0.2943918062979895,0.9997708173996,True,True,Fully rescued
Col4a4,-4.402409187141815,3.834734846752495e-16,2.825331824060551,0.0026952904174733,-1.1535585244908528,0.12432695491260784,-0.4747574891554008,0.9997708173996,True,True,Fully rescued
Col4a3,-4.681828098634534,0.0004072427808507,2.9329781010095877,0.3749508631993349,-0.8154793877253314,0.9996496209943752,-0.9704367825738812,0.9997708173996,True,True,Fully rescued
Ramp1,-2.5356321350249953,1.923433067992746e-06,2.69237588805607,3.0433053810243453e-05,-0.08342557811017258,0.9996496209943752,0.2256496481768196,0.9997708173996,True,True,Fully rescued
Cfh,-0.695693770140651,0.0141018630682269,1.012771431804309,0.0411551984885122,0.25747587905549674,0.9996496209943752,0.061526292620059,0.9997708173996,True,True,Fully rescued
Atp1a2,-2.509609825491889,1.302422916802233e-07,3.1439261870534168,1.0499197927926858e-05,0.16831132079311673,0.9996496209943752,0.4360730503340502,0.9997708173996,True,True,Fully rescued
Susd4,3.2493493560237043,0.0114687332679495,-1.551640130398828,0.594381470158705,4.554585990079947,0.3757604268481796,-2.8903787210803884,,True,True,Fully rescued
Hmcn2,-1.6712986593927592,0.0145365300356917,1.1587084402652097,0.1478190726842738,1.6750967098061205,0.0006989489899123614,-2.178983972974273,0.000132430217675,True,True,Fully rescued
Aif1l,1.1811775394028965,2.2983893615268205e-05,-0.6760901225131399,0.2539097181643092,0.6360825400304255,0.47680121264822695,-0.1273159710915696,0.9997708173996,True,True,Fully rescued
Cd44,1.137275554567715,0.0001515688874318,-0.3823369913285607,0.7032918415790168,0.9681864629671693,0.006032851537802008,-0.2140343295317974,0.9997708173996,True,False,Partially rescued
Thbs1,1.7271065060311572,2.2040179821025143e-08,-1.0638747032761822,0.0879102119311013,1.5445702949185085,0.22425681364608133,-0.8854193075226674,0.9593169984911744,True,True,Fully rescued
Sord,0.9436524686802626,0.0224691835279603,0.0177234633823663,0.997491188684572,0.22498750117488062,0.9996496209943752,0.7392536259844459,0.7723415594433731,False,True,Exercise-resistant
Duoxa1,1.7051586808443868,3.397919867388137e-09,-0.8067009395557038,0.256880514275794,1.12965262405139,0.04562604325366707,-0.2150546610797372,0.9997708173996,True,False,Partially rescued
Duox1,2.0191315857796432,7.987179229235933e-11,-0.8215114194117596,0.1976230696696102,1.6596001442513282,0.0012917065479214314,-0.4465406691278656,0.9997708173996,True,False,Partially rescued
Adam33,-1.1372959125700788,0.0006147264872791,0.5885084575498668,0.3934345814264482,-0.6670932238127867,0.19851421520481513,0.1152444155398369,0.9997708173996,True,True,Fully rescued
Postn,1.4107754247793145,7.735746887606366e-11,-1.365175646831952,3.448449829347424e-05,0.4589374299790346,0.9357233987100435,-0.4124542345476975,0.9997708173996,True,True,Fully rescued
Tm4sf1,1.283236636996645,0.0012268148600914,-1.7003778626066657,3.488889280469694e-06,-0.20569406399024798,0.9996496209943752,-0.2146525197296895,0.9997708173996,True,True,Fully rescued
Gask1b,-1.50575232416053,0.0009830423066507,1.460958342451527,0.5959723349637142,-0.3315307140488762,0.9996496209943752,0.2616706469537317,0.9997708173996,True,True,Fully rescued
Amy1,-0.9558473524759824,0.0190509696958472,0.6032741716211456,0.5013609922267137,-0.4892528306153924,0.7178330097866537,0.1343395430304343,0.9997708173996,True,True,Fully rescued
Mcub,1.3662963898888143,0.0008774330749512,-0.7535139193813729,0.2768546842553193,0.8261774283338547,0.35553736996071816,-0.1995902849556499,0.9997708173996,True,True,Fully rescued
Ddah1,2.0512748175509024,0.0023528147785294,-2.5769801615581747,0.0010122746533339,0.0395431540745054,0.9996496209943752,-0.5511654238379441,0.9997708173996,True,True,Fully rescued
Ptprf,1.193227666037267,0.000331959536398,-0.2747486658612491,0.9002258539545462,1.2229076630968134,0.026102686962697436,-0.3103423655372173,0.9997708173996,True,False,Partially rescued
Rspo1,-1.095917152465523,0.017220324716719,0.8711512732335734,0.4070839352160295,-0.6574017780899244,0.7400318128590108,0.4457629392409378,0.9997708173996,True,True,Fully rescued
Mfap2,0.8116103902854729,0.0036194477390324,-0.9000693097165077,0.0653368352499972,-0.3061966912332855,0.997798806318627,0.2149675805932952,0.9997708173996,True,True,Fully rescued
Pdpn,0.640607284432699,0.028317403379759,-0.1161077787699823,0.9475132928212232,0.3767868765534846,0.5633655464490444,0.149797862199008,0.9997708173996,True,True,Fully rescued
Acot7,1.7834264973096516,0.0496572962324836,-1.335919699839887,0.1263595869569692,1.51267749489346,0.6235955675407605,-1.0048964594194585,0.9997708173996,True,True,Fully rescued
Lgi2,-0.7360159713748151,0.042444433743309,1.0264609636718167,1.9067063552812365e-05,-0.06140183867560389,0.9996496209943752,0.3513156023797235,0.9007062253245195,True,True,Fully rescued
Sult1e1,-1.700264636625621,9.563574767251188e-17,1.9041216917664896,0.3419207737592864,-0.14908284399612168,0.9996496209943752,0.3449956914322547,0.9997708173996,True,True,Fully rescued
Cxcl10,-1.533713763014943,1.5054472246040436e-05,2.0318658715663416,3.5237280148536127e-06,-0.024760530396989264,0.9996496209943752,0.50849645436693,0.8079933586462498,True,True,Fully rescued
Bmp3,2.283435508074784,0.0042309018136003,-2.164834542865022,0.0011274810121624,2.728361547745197,0.1899989956186059,-2.517957719436439,0.7814114035188796,True,True,Fully rescued
Rasgef1b,2.1331353221864773,0.000129311590125,-0.2099395183176772,0.9887797457070684,2.6185905970969445,0.5570150409552459,-0.723723300711096,0.9997708173996,True,True,Fully rescued
Sparcl1,-1.4522842002711682,0.0005189414377138,1.5018693070771785,0.46112359615223,-0.3224332521870355,0.9996496209943752,0.3592871359570094,0.9997708173996,True,True,Fully rescued
Pitpnm2,-0.9295192021176693,0.0230880657157794,1.4248248843015887,1.886006461776252e-05,0.144854132411884,0.9996496209943752,0.3506444357446812,0.9997708173996,True,True,Fully rescued
Fscn1,1.155567702815535,0.0001878312227691,-1.5756114928907718,0.0097988252773278,-0.48040069593616797,0.9918505474084146,0.0627835888314148,0.9997708173996,True,True,Fully rescued
Daglb,1.4863236435559823,7.95973529590992e-05,-0.6024373893285956,0.4181247811821922,1.1783824623374242,0.00018307128124400889,-0.2966632360874546,0.9997708173996,True,False,Partially rescued
Tfpi2,0.8622372209847894,0.0299648435611107,-0.132908083241732,0.9531347388046464,0.669803710058177,0.39653223556618516,0.0543882842641811,0.9997708173996,True,True,Fully rescued
Wnt2,1.7419684661539407,1.9598161460928723e-06,-1.729735906398581,0.0011475277047278,0.8312962087263026,0.781149928234438,-0.7893030216797411,0.9221496906834368,True,True,Fully rescued
Mgam,1.760762964238615,2.2040179821025143e-08,-2.252130928448296,0.7952530515340177,1.2618532623777523,0.9996496209943752,-1.6976135258954754,0.9997708173996,True,True,Fully rescued
Gprin3,6.614631717011846,0.049798228270745,-4.501354334651211,0.0016342305526164,2.37783126326537,,,,True,True,Fully rescued
Prokr1,-1.238141846504571,0.0419082934904601,1.013068282924741,0.1367926048374693,-0.4778328790603455,0.664138254780691,0.2616134317348501,0.9997708173996,True,True,Fully rescued
Ret,0.9678127095485132,0.0443126562902518,-0.7402632011614779,0.6744261222274837,0.1831073336799132,0.9996496209943752,0.0482148801383356,0.9997708173996,True,True,Fully rescued
Emp1,0.6392209086472481,0.0020440630048967,-0.3682459837570782,0.4258802799062459,0.25233610578207155,0.9738859422817815,0.0183493229619199,0.9997708173996,True,True,Fully rescued
Il11,1.4672803838693635,0.0280121084700862,-0.1422191215226717,0.9759953829552476,1.4968440919099861,0.04817846480748848,-0.176822421704181,0.9997708173996,True,False,Partially rescued
Aldh1a3,0.7193285428602326,0.0077169105591079,-0.4693234589222467,0.2993957206804961,0.29234442630207763,0.9263742044949017,-0.0431312402349809,0.9997708173996,True,True,Fully rescued
Arnt2,2.155675908838161,2.7140463267746484e-06,-1.5410496235551463,0.0006019242348385,2.4279952525037594,0.012547947907079412,-1.7875125835355083,0.6493153937407606,True,False,Partially rescued
Slco2b1,-2.66362712960417,0.0410721319732615,3.3293320502664416,0.3325952590760652,0.5496709502091783,0.9996496209943752,0.0290595139201654,0.9997708173996,True,True,Fully rescued
Lmo1,-1.6109287113747834,1.177294067061842e-05,1.3004973879121813,0.028652134435151,-0.6668215868618046,0.4965654004388207,0.3368678498602022,0.9997708173996,True,True,Fully rescued
Rras2,1.1033277589272592,1.7075380954384882e-06,-1.6015582072336847,0.0010122746533339,0.12439792513209585,0.9996496209943752,-0.6177367080494979,0.8496287620553592,True,True,Fully rescued
Efnb2,0.938600435669172,0.0055480920487708,-0.8432036661225503,0.3724486081702725,0.2912393738330141,0.9996496209943752,-0.2093007039545615,0.9997708173996,True,True,Fully rescued
Sfrp1,-2.8115456310412084,1.2883536111966718e-20,2.5592875592018807,1.0047005691714377e-07,-0.7666688144018915,0.36938496141733024,0.4809351111007038,0.6236829158288714,True,True,Fully rescued
Il34,1.501475838576535,0.0001350885051912,-1.0729541670281613,0.0494529975631323,1.1349019710537909,0.01599437510711413,-0.7053556328082556,0.7239435215201173,True,False,Partially rescued
Cdh13,-1.4533939917677,0.0004098031146288,1.2170324294975028,0.0158047016665336,-0.4169564223755179,0.9877120931258044,0.1832048228209748,0.9997708173996,True,True,Fully rescued
Tagln,8.179845729837318,0.0182099342393318,-1.954173591915673,0.8836953103471215,-0.27760271378197354,,6.2756443200683165,0.9997708173996,True,True,Fully rescued
Col12a1,1.3966800291896606,4.5809650107949776e-10,-1.2921946097926182,6.830857071746044e-07,1.1437186066711293,0.09996954052164568,-1.036400334103304,0.3368873861454633,True,True,Fully rescued
Tpbg,0.7928674930964009,0.0263395475658284,-0.5032047465744274,0.6326025955197114,0.44162750258539585,0.9012794980005978,-0.149374340899668,0.9997708173996,True,True,Fully rescued
Nt5e,-2.8634591031621626,1.9598161460928723e-06,2.862531449045179,1.4569217967455612e-08,0.05551807457317294,0.9996496209943752,-0.068420907632297,0.9997708173996,True,True,Fully rescued
Plod2,0.7747198012298154,0.0012181939074321,-0.3064506527604285,0.8030388862504956,0.6937942647994162,0.1852005599763923,-0.224640163856591,0.9997708173996,True,True,Fully rescued
Spsb4,1.6019759788811982,0.0082926153688858,-0.5999656544671949,0.7608609766787443,1.2594064003253918,0.2667335352100925,-0.2717240218658195,0.9997708173996,True,True,Fully rescued
Col6a6,-1.3435131523624837,0.0129673832538061,1.631256788555112,0.0691187043278324,-0.23875780671798927,0.9996496209943752,0.5217501953063481,0.7793650319917175,True,True,Fully rescued
Sgk1,0.8474628425760992,0.0410721319732615,0.1050561366731083,0.977863848611965,0.8259734012059894,0.42979034135531385,0.1253144975081616,0.9997708173996,False,True,Exercise-resistant
9330159F19Rik,-1.879364445050825,0.0410721319732615,1.7624249921029624,0.0480123767029389,-0.2790461018053911,0.9996496209943752,0.1548942781608444,0.9997708173996,True,True,Fully rescued
Rspo3,-1.79940528878479,0.0011653021631125,1.808647262750421,0.0136120468309967,-0.5946622776903673,0.9829907647907912,0.6111789731013018,0.9997708173996,True,True,Fully rescued
Sowahc,-1.2653217998849515,0.0129673832538061,1.489588778739909,0.0120099201817385,0.2034940903197452,0.9996496209943752,0.0299426547784477,0.9997708173996,True,True,Fully rescued
Col6a2,0.6045434612573098,0.0410721319732615,-0.562631080308864,0.1307708262666588,-0.2534202014387503,0.9846038819828757,0.2965995110030937,0.9914842139686016,True,True,Fully rescued
Avpr1a,-2.8851046198077355,0.0076217621248761,3.215801031341316,0.0016342305526164,0.24293111642743934,0.9996496209943752,0.0697380579957657,0.9997708173996,True,True,Fully rescued
Ltc4s,2.8858103466225526,4.245947728757168e-07,-2.341030080650098,0.0038900547799094,1.1242720688793357,0.9002368490990204,-0.6335480844479927,0.9997708173996,True,True,Fully rescued
Aspa,-2.4092010927597114,0.0434131456707039,2.267994749614545,0.1562014569702304,0.2584097268524307,0.9996496209943752,-0.4111265846228832,0.9997708173996,True,True,Fully rescued
Ccl8,1.9588175646676549,0.0011653021631125,-1.0145181202422069,0.5682022020033678,-0.08473817548421517,0.9996496209943752,1.0354466649152918,0.9420841294779412,True,True,Fully rescued
Igfbp4,-0.7331021874030313,0.049798228270745,0.8769980657339169,0.1334779309123498,-0.3337023601437783,0.9723313843458181,0.4761714605032059,0.2970165636773588,True,True,Fully rescued
Slc9a3r1,-4.345304525431051,0.017220324716719,-2.9268392871785536,,-5.050612833863491,0.15252066866775654,-1.8860374012208132,0.7731007299511418,False,True,Exercise-resistant
Cygb,-0.8207786078001845,0.0434131456707039,1.38702985125877,0.0002082087078514,0.4126151367631981,0.9800805035253729,0.1480072419224805,0.9997708173996,True,True,Fully rescued
Scin,-4.051201363410548,0.0133281602489316,3.642262162900914,0.2417686731699986,-0.7234939430086084,0.9996496209943752,0.1943498110980853,0.9997708173996,True,True,Fully rescued
Erh,1.5139434137176986,0.0006661900880625,-0.9755267755157504,0.1906978018772922,0.0985890257349045,0.9996496209943752,0.4380649557199246,0.933480021915592,True,True,Fully rescued
Ttc9,4.145469768065929,0.049798228270745,-1.9346295613932187,0.4976361491250449,0.6880858959647193,0.9996496209943752,1.5860971488521618,,True,True,Fully rescued
Serpina3n,2.991476238135383,4.5809650107949776e-10,-1.2078093783025834,0.838619439857761,1.2208044584006639,0.9996496209943752,0.5286162079152261,0.9997708173996,True,True,Fully rescued
Rian,0.7263180341274238,0.0009830423066507,-0.6678200783935718,0.1408523293675943,0.21800732224283934,0.9996496209943752,-0.1596431377028369,0.9997708173996,True,True,Fully rescued
Akr1c14,2.4958802817616825,0.0012268148600914,-1.9951703297145924,0.0904069510570709,1.0629685376864664,0.997798806318627,-0.7154635674135044,0.9997708173996,True,True,Fully rescued
Akr1c18,2.696282730832837,7.987179229235933e-11,-1.8156068822298752,0.0146340142682399,0.8050571120540432,0.922934613029911,0.0887464440299574,0.9997708173996,True,True,Fully rescued
Gng4,1.050578142249906,0.0392655831691204,0.2712331645479884,0.9080524618775494,1.5029786152434752,0.0011466292219573175,-0.1780270950786071,0.9997708173996,False,False,Exercise-resistant
S1pr3,1.1127843217247415,0.0001883614853549,-0.8151603181511575,0.028652134435151,0.3459980935539097,0.7370078036283251,-0.0449647289775316,0.9997708173996,True,True,Fully rescued
Ntrk2,-0.9787851812385192,0.0118105582908118,1.2519306753756596,0.004373275527181,0.19873378604396258,0.9996496209943752,0.0652863050507316,0.9997708173996,True,True,Fully rescued
Gas1,-1.0874166065243889,0.0001870732426625,0.924468107895576,0.2430968308612447,-0.44973073374018613,0.9461883001897438,0.2871795055358282,0.9997708173996,True,True,Fully rescued
Lhfpl2,0.7195816805015709,0.0079544726880079,-1.0956733532197296,0.005090727119089,0.40635444103618645,0.997798806318627,-0.7756452477993812,0.5169381633862734,True,True,Fully rescued
F2r,1.8760494134216927,0.0037821491824019,-0.2619458194127222,0.9462633138980232,1.7861803876728588,0.0687868032277961,-0.2116529558950655,0.9997708173996,True,True,Fully rescued
Fst,-0.8991596379328958,0.0001318277289536,1.434985318569204,3.345627091158867e-07,0.0743515629793056,0.9996496209943752,0.4576378582840763,0.605698603844358,True,True,Fully rescued
Fgf10,-2.3482070106748414,0.005096390867378,1.8552707994389233,0.2178139497742986,-0.9660131160627001,0.3319092237505268,0.4470431209732438,0.9873866647527584,True,True,Fully rescued
Cadps,-1.4180865250371713,0.028317403379759,1.0683921702284724,0.1743685249842457,-0.2863150057357815,0.9996496209943752,-0.0635010625284904,0.9997708173996,True,True,Fully rescued
Plac9b,1.3733501101027823,0.034109249178075,-0.9131177557502322,0.2512829566537657,0.01563295640559262,0.9996496209943752,0.4494170144847869,0.9997708173996,True,True,Fully rescued
Wnt5a,-0.8257672543187555,0.0028239049013394,0.7538046478186167,0.028652134435151,-0.31914041719950853,0.7178330097866537,0.2461831617442808,0.9997708173996,True,True,Fully rescued
Nefl,1.7194205160583598,0.0003267042054136,-0.5770944208730796,0.6805672270383579,1.496964735663128,3.5305984078428935e-05,-0.3618304559946792,0.9997708173996,True,False,Partially rescued
Spry2,0.9073747410115632,0.049798228270745,-0.5592233839925577,0.6307267977128619,0.40572857342937463,0.9608328113546618,-0.0574094163690055,0.9997708173996,True,True,Fully rescued
Matn2,1.0523157670233765,0.000251099249403,-0.8186271423830592,0.008630432687375,0.12872852023164041,0.9996496209943752,0.1021229269409176,0.9997708173996,True,True,Fully rescued
Angpt1,-2.186676997038084,9.766847504807038e-05,1.1582190366711094,0.4529806259073236,-0.5936219670167822,0.9461883001897438,-0.4254261105947278,0.9997708173996,True,True,Fully rescued
Tnfrsf11b,0.9588474195607032,0.0009616159126695,-1.2016299439953295,0.6529028627678093,0.3083083458148538,0.9996496209943752,-0.5407702200984005,0.9958141485593308,True,True,Fully rescued
Ccn3,0.8256480458790456,0.0008678029735985,-0.7693431015570261,0.3762819952089827,0.18986115742246168,0.9996496209943752,-0.130916787053854,0.9997708173996,True,True,Fully rescued
Gm49257,2.4449017817805454,0.0001350885051912,-1.2922119626655864,0.018355419173786,1.2083898347170303,0.32908683705860403,-0.0668289367279765,0.9997708173996,True,True,Fully rescued
Ppl,-2.64666404460248,0.0006100636488953,3.773561986456786,0.0755179556731394,-0.27064181844095503,0.9996496209943752,1.2888361075725443,0.1652380080931038,True,True,Fully rescued
Col8a1,2.227556564709237,1.9598161460928723e-06,-2.296186492125606,1.426978888873139e-09,2.4527606833167708,0.026204310672925234,-2.5063213389846823,0.8496287620553592,True,False,Partially rescued
Map3k7cl,2.4720577263598824,0.003854389651244,-2.260576803853762,0.0382330686636597,0.7863713189641051,0.9996496209943752,-0.5809330550589776,0.9997708173996,True,True,Fully rescued
Clic6,-2.9534695823992108,4.297483672271743e-06,3.1371841336529194,1.920697670983974e-06,0.05204914444024578,0.9996496209943752,0.1092192844305103,0.9997708173996,True,True,Fully rescued
Thbs2,0.6749757116245867,0.049798228270745,-0.7208436599425696,0.1026542322225697,0.1738818391911677,0.9996496209943752,-0.2186314367313348,0.9997708173996,True,True,Fully rescued
C4b,2.0971129582772767,8.204488716104947e-06,-1.0194554510987668,0.8393932099968888,-0.006912913228761645,0.9999967190824025,1.064021876276254,0.6081738512532506,True,True,Fully rescued
Slc29a1,-0.7323518790642541,0.0141332129083772,1.0740711325153902,0.004906308107292,-0.1933871691519751,0.9996496209943752,0.5306793300938374,0.4233299323696018,True,True,Fully rescued
Rftn1,0.7241809490844526,0.0410721319732615,-1.1817650808461333,0.0006555432963518,0.17341124427670748,0.9996496209943752,-0.6231603110863578,0.7046740093951253,True,True,Fully rescued
Ptprs,0.8197018942117372,0.0410721319732615,-0.5852143577761791,0.5107826233168887,0.3446570204967521,0.997798806318627,-0.1048030387704072,0.9997708173996,True,True,Fully rescued
Colec12,-0.7473158281774144,0.006250721749742,0.575796689596288,0.3997159676967352,-0.3276276849049102,0.9461883001897438,0.1559020207755938,0.9997708173996,True,True,Fully rescued
Dtna,0.9470558763153216,0.0422662791596029,-1.0010936822016716,0.1910061147229786,0.03764220765375788,0.9996496209943752,-0.0862704008598363,0.9997708173996,True,True,Fully rescued
Cystm1,-2.5149140979928144,0.0114687332679495,2.5758159216458436,0.0603724529389655,0.09218086632963082,0.9996496209943752,-0.0868509578921007,0.9997708173996,True,True,Fully rescued
Ppp2r2b,-1.548832697707366,0.0011033224715426,0.7269945976832578,0.5608179013095431,-0.5691632588219061,0.6516545815611053,-0.2715536496732068,0.9997708173996,True,True,Fully rescued
Tnfaip8,-3.753767671145553,0.0036194477390324,2.833399204862072,0.2052656014768832,-1.2235848356894587,0.291847906051181,0.3119911999587584,0.9997708173996,True,True,Fully rescued
Lox,0.9124752510841406,0.0278003177085066,-0.6121106832237898,0.7537924431798484,0.7164525307418806,0.9996496209943752,-0.4161815678862946,0.9997708173996,True,True,Fully rescued
Gstp2,1.9296778366255267,0.0327172938603537,-1.0859119453614834,0.4057516250130872,-0.09674341363318897,0.9996496209943752,0.9492234280643108,0.9007062253245195,True,True,Fully rescued
Gna14,1.2819325645819266,0.042444433743309,-0.6577675342531112,0.6221581237163325,1.4687052041757098,0.07628124242333062,-0.817931971896097,0.9958141485593308,True,True,Fully rescued
Glis3,1.181682345443141,0.0096396351085988,-0.6720450309480318,0.3069710213459294,0.8963901411329368,0.2661720299951276,-0.3759726194063574,0.9997708173996,True,True,Fully rescued
Ankrd1,1.7753722936414518,6.411429819216313e-05,-1.1560902639518122,0.028652134435151,1.3407527784886437,0.009317763228824863,-0.7175203335158891,0.933480021915592,True,False,Partially rescued
Rbp4,-2.864941991809788,0.0079084429840364,3.900722067228639,0.0002380985698911,-0.35274781601209704,0.9996496209943752,1.3598486968316048,0.3616515181927789,True,True,Fully rescued
Timp1,2.713550078657532,2.6764083792116416e-21,-2.723476977004498,5.375524988484329e-26,0.5144184560486819,0.7178330097866537,-0.522858015833191,0.9641271249194696,True,True,Fully rescued
C430049B03Rik,3.993247948978363,1.7168337815859228e-06,-2.996881880960869,3.0224760336961368e-05,2.00130179094531,0.8922837536727622,-0.9983871949841944,,True,True,Fully rescued
Tmem35a,1.1845738249888504,0.0410721319732615,-1.4094751773767102,0.0008096920206172,-0.24431161487201178,0.9996496209943752,0.0155344679733837,0.9997708173996,True,True,Fully rescued
Nrk,2.337680988326301,0.0010187150793343,-2.8103722810061296,0.0018916977911209,0.6089791470081078,0.9996496209943752,-1.0999974900960814,0.9997708173996,True,True,Fully rescued
Col4a6,-1.38172560246429,0.007234926768546,0.9685859527225208,0.4246783247561341,-0.33932828187446457,0.9996496209943752,-0.040317642386244,0.9997708173996,True,True,Fully rescued
Col4a5,-0.7026712415217542,0.0410721319732615,0.223426622783482,0.8465870562912164,-0.20453441376383563,0.9996496209943752,-0.2760566043975731,0.9997708173996,True,True,Fully rescued
